id,comment_id,video_id,author_name,text,likes,timestamp,is_reply,parent_id,scraped_at
1,12384ff4c4a019edc5ea47feb6896a61,7588531595271736632,,Vibleeeeeeee😍,0,,0,,2026-03-14T12:40:46.844744
2,17ec7c01ed47713434efe8c730f21211,7588531595271736632,,Awww Missed Y’all 💗,0,,0,,2026-03-14T12:40:46.847296
3,559fcd9ad6dcaa5b68ead5cfd042c460,7588531595271736632,,Bby,0,,0,,2026-03-14T12:40:46.846247
4,9b8c1935e9b5c90c06102dd24176a05f,7588531595271736632,,Miss yall already 😍,0,,0,,2026-03-14T12:40:46.848438
5,8fd853136d927fde3f84d578b40c9807,7588531595271736632,,A time was had ♥️❤️,0,,0,,2026-03-14T12:40:46.849053
6,ff3ace4d59c5744cce1a2801e53d35dc,7588531595271736632,,🥰🥰🥰,0,,0,,2026-03-14T12:40:46.849537
7,0327bb91284612fd8f1f0e02fca00214,7588531595271736632,,🥰🥰🥰🥰🥰,0,,0,,2026-03-14T12:40:46.849977
8,77a09dc25e296421c268bb15d2bb3096,7588531595271736632,,❤️❤️❤️,0,,0,,2026-03-14T12:40:46.850419
9,015829caf22e8153916939f2c80356f1,7588531595271736632,,❤❤❤,0,,0,,2026-03-14T12:40:46.851407
10,c7f4fe057d4fd25f80ba6b9d6269cb28,7588531595271736632,,❤❤,0,,0,,2026-03-14T12:40:46.851861
11,9b30509ae0585bf8e28e65c10997c157,7615599183633976583,,Are you sure???,0,,0,,2026-03-14T13:11:34.223372
12,016dbab0142cdd5fd8a14d26073a7c30,7615599183633976583,,How much for family size,0,,0,,2026-03-14T13:11:34.226514
13,3d983bd8b3445fa02ef370d87283e0a7,7615599183633976583,,unclee I miss you how is uncle kofi,0,,0,,2026-03-14T13:11:34.227269
14,70aac1c1f45585afa1636aa04ec2344c,7615599183633976583,,which place it located,0,,0,,2026-03-14T13:11:34.227829
15,c8abf0a836d381254db22331e2da305a,7615599183633976583,,how much is the small size,0,,0,,2026-03-14T13:11:34.228390
16,6ee28aa2423af0a7387e6ab5987dc0e1,7615599183633976583,,how much please,0,,0,,2026-03-14T13:11:34.228857
17,2fbc35312182a3c880a03086334c61d1,7615599183633976583,,When are getting branch in tardi,0,,0,,2026-03-14T13:11:34.229482
18,3b6d5180b7f06ec9e626485ece038162,7615599183633976583,,how much pls,0,,0,,2026-03-14T13:11:34.229962
19,ae7832553802e0b26da9612dfec533d0,7615599183633976583,,Locations plsss,0,,0,,2026-03-14T13:11:34.230751
20,436a74ae470f873f334bb1222a953b95,7615599183633976583,Kakra Boateng,@Kakra Boateng 😁😁,0,,0,,2026-03-14T13:11:34.231547
21,42df33565c84cc28049ffa24c2287e81,7605278593505152274,,Masssa you will call them they will not pick,0,,0,,2026-03-14T13:11:48.476415
22,fcdd2796e382ee33d1381aa1e56fce7b,7605278593505152274,,not all branches runs the buy one get one free,0,,0,,2026-03-14T13:11:48.478458
23,ec277b644d0991dca8c90aaa315c9924,7605278593505152274,,eddys pizza in this biiiggggg 2026?,0,,0,,2026-03-14T13:11:48.479247
24,8f6c8a15ef03ab835d59b1d4453db82c,7605278593505152274,,I ordered for buy one get one free and the only brought one shhhh 😩,0,,0,,2026-03-14T13:11:48.481306
25,0bb4dff423d67082364e4edf7078cedd,7605278593505152274,,How much,0,,0,,2026-03-14T13:11:48.480617
26,54bcfbd8ecd318f010d8784be204474b,7605278593505152274,,We are running thereee🥰🥰🥰,0,,0,,2026-03-14T13:11:48.479780
27,ac87eea0a592f18514cacd14cf289a5b,7605278593505152274,,Everything but the price 😁,0,,0,,2026-03-14T13:11:48.482135
28,748abc1114651b49cdc77e81cc03872f,7605278593505152274,,papas all the way,0,,0,,2026-03-14T13:11:48.483567
29,eff5f2d4fdbce47d0fb26a905581ca02,7605278593505152274,,do u have branch close to Adom Estate kasoa,0,,0,,2026-03-14T13:11:48.482754
30,0eab47f53c6d93ac1f955525a3cf2490,7605278593505152274,,Is good I saw it today 🤣,0,,0,,2026-03-14T13:11:48.484249
31,7fd3776ce8d737411392a758a5993322,7603865373133327636,,[Sticker],0,,0,,2026-03-14T12:39:49.008716
32,312ffe0c215666975f9a88403adff2cc,7603865373133327636,,influencer o,0,,0,,2026-03-14T12:39:49.009651
33,060b78fb0f98b4f1a9cfc4eba4e3c6e7,7603865373133327636,,do more voice overs olayyyy😂😂,0,,0,,2026-03-14T12:39:49.010251
34,4647fafa6c44c8eb15312feca53f56df,7603865373133327636,,invite me too,0,,0,,2026-03-14T12:39:49.010640
35,bebf86ac4bf31220a06bcacceb03585c,7603865373133327636,,you couldn't say no and you didn't call me😭,0,,0,,2026-03-14T12:39:49.011006
36,73dfc15923eeea985d9b2510cb5b5939,7603865373133327636,,Gaizzz he got there before the host 🤣🤣,0,,0,,2026-03-14T12:39:49.011454
37,6e4e22f864a9c7d59cbd38c5445b0a9d,7603865373133327636,,oh wow,0,,0,,2026-03-14T12:39:49.013003
38,ae4de1e103796a3738587e8317176adf,7603865373133327636,,[Sticker] Why didn’t you involve us,0,,0,,2026-03-14T12:39:49.013496
39,f50f9f1860ff2aa2d427f62047432af2,7603865373133327636,,Enjoyment man oo,0,,0,,2026-03-14T12:39:49.013892
40,62d16cba694797e4200d55103bc7161c,7603865373133327636,,eiii it’s over between us😭😭,0,,0,,2026-03-14T12:39:49.015601
41,822dc3624bf58c62ad5c86dcf1ffe15a,7575731726064815416,,The bestt💕,0,,0,,2026-03-14T12:40:02.731619
42,a467d31adbc6e6d7447ea4ca65fa398e,7575731726064815416,,🥰🥰🥰,0,,0,,2026-03-14T12:40:02.732734
43,28fcf2ea84c2f6c648c8695204b55e3b,7354111040881167621,,Like the location,0,,0,,2026-03-14T12:40:16.525217
44,d705e77d2c5d898ec397fb641b996a85,7354111040881167621,,Please i want some of the pizza 🍕,0,,0,,2026-03-14T12:40:16.526215
45,615857e8d71a5e95406aeb9e55180a7e,7553213957956259083,,Is there a branch in Takoradi?,0,,0,,2026-03-14T13:12:30.743322
46,46f0da3b451bdad1da3394f988e21637,7553213957956259083,,I want to be an ambassador for eddy’s,0,,0,,2026-03-14T13:12:30.744221
47,36aeded1526974bc0878d7e7f4c6085f,7553213957956259083,,There pizza is given,0,,0,,2026-03-14T13:12:30.744880
48,a86c37eea96789e1524ff7d8d5abaa9a,7553213957956259083,,how much is small size,0,,0,,2026-03-14T13:12:30.745506
49,c2e7e46ab1625697b9263278aeb36f02,7553213957956259083,•𝒾𝓉𝓏_𝐹𝒶𝓁𝒾 🎀🤍,@•𝒾𝓉𝓏_𝐹𝒶𝓁𝒾 🎀🤍 wat re u saying,0,,0,,2026-03-14T13:12:30.746660
50,e3e62600909f49d03727f042c55474b4,7553213957956259083,,💖💖💖,0,,0,,2026-03-14T13:12:30.747462
51,cf560b817862464e13f3064d2052d7d5,7553213957956259083,,follow back,0,,0,,2026-03-14T13:12:30.748205
62,63841551ddd1c83a5935b5c100d9f3f2,7605915561721187592,,Kwame Eddy’s pizza 🍕 my fav 😂,0,,0,,2026-03-14T12:41:03.462276
63,51481331ac28b26e874797c952e2332f,7605915561721187592,,My favorite 🥰,0,,0,,2026-03-14T12:41:03.463377
64,bb901604d0bf16f7f2494627865c2e4a,7605915561721187592,,wow,0,,0,,2026-03-14T12:41:03.464021
65,825994ebe3f1d58194af1ae7db456083,7605915561721187592,,[Sticker],0,,0,,2026-03-14T12:41:03.464554
66,f85bd16a27415c2645c50e5fc98be63e,7605915561721187592,,can't beat that 😂,0,,0,,2026-03-14T12:41:03.465081
67,f9a426e23aa55e57e04585a22fe92a7a,7605915561721187592,,their pizza is top notch 🥰🥰,0,,0,,2026-03-14T12:41:03.465780
68,15b98b1cf5e11bedf20b38b8877010d1,7605915561721187592,,The best pizza 🍕 in Ghana 🥰🇬🇭,0,,0,,2026-03-14T12:41:03.466224
69,6b06a706c26c21d85680ad6626bc49c2,7605915561721187592,,are you in koforidua eastern region?,0,,0,,2026-03-14T12:41:03.466603
70,956155fb6eda9ff9bc113e0903f454e2,7605915561721187592,,My favorite ❤️,0,,0,,2026-03-14T12:41:03.467001
71,277fad6692ffd48e1875258ff6bb2e54,7605915561721187592,,❤️❤️❤️,0,,0,,2026-03-14T12:41:03.467545
72,ebde0d638ef39eb317cc43148b3b8385,7605342259885739284,,pickza eiii celeb paa😭😂😂,0,,0,,2026-03-14T12:41:17.409866
73,6f9856d0b777d35f9fbe00ed19786905,7605342259885739284,,Really? Abgobga school junction???,0,,0,,2026-03-14T12:41:17.410972
74,418b0481962dcd58d1eab32c77e12fb1,7605342259885739284,,Man Dey feel you waa 😎🔥,0,,0,,2026-03-14T12:41:17.411819
75,4dbfa3fe242161be2402d51eb10137c0,7605342259885739284,,First time watching your video so on point😁 the left ventricle and the facial expression after you ate the pizza 🤦🏾😂,0,,0,,2026-03-14T12:41:17.412406
76,ab015a55921cff3fd03b1f571029aa9f,7605342259885739284,,"the last part killed me 😂....... ""can't u shameeee😂💔""",0,,0,,2026-03-14T12:41:17.413116
77,9e3e183e8fe5d30a1aa3c94bbe3dc70c,7605342259885739284,,Come to Ridge Royal prems 🫡😂,0,,0,,2026-03-14T12:41:17.414037
78,5dd4abce5fbee876b4f3f993ca184f18,7605342259885739284,,Akosua dompo😂😁,0,,0,,2026-03-14T12:41:17.414615
79,7e9c607ac37a68b9233666239fc111c0,7605342259885739284,,Good content..keep it up,0,,0,,2026-03-14T12:41:17.415195
80,cd980804ec8b5c22877cdbf8e8c607c6,7605342259885739284,,Fante content was 10% English 0.01% twi 89.09😂,0,,0,,2026-03-14T12:41:17.415654
81,f6378314629159eb9f78a20fdc617370,7605342259885739284,,Harddd,0,,0,,2026-03-14T12:41:17.416186
82,43de1576e92732300d951f43f44a247c,7616670656612109588,,Ey girlsss are foinee whoatt 😍😍,0,,0,,2026-03-14T12:41:31.129756
83,4b1eb19d866ae6345d123783211565fe,7616670656612109588,,You’re sexy oh,0,,0,,2026-03-14T12:41:31.130777
84,4ef613dd4e2d508d060fe5b6b68737d1,7616670656612109588,,😍😍,0,,0,,2026-03-14T12:41:31.131338
85,d2797e39585224b5ec788df746cd3a61,7616670656612109588,,🤩🤩🤩😍😍😍🥰🥰🥰,0,,0,,2026-03-14T12:41:31.131916
86,ee4fc2619236d0f0398e8647b86f53b6,7616670656612109588,,🥰🥰❤️,0,,0,,2026-03-14T12:41:31.132418
87,1f7ea4ab2901cd6be9249f63c9d9b294,7525148492411555094,,I dare you to buy me pizza location: backyard of pizza city 🤭😂,0,,0,,2026-03-14T12:41:44.967412
88,1f3392e984987c95c761f7722bf6b327,7525148492411555094,,Friday we coming 🔥🔥,0,,0,,2026-03-14T12:41:44.968492
89,690aa5e3760079a3ed8e67adfd0eab74,7525148492411555094,,You’re the best wati 😂❤️🔥,0,,0,,2026-03-14T12:41:44.969022
90,883098cdfa8d9c512b7c8cc92ecb9480,7525148492411555094,,Why did you go alone 😭😭😭😭💔💔,0,,0,,2026-03-14T12:41:44.969611
91,57963df673d81ab719834356fece6b11,7525148492411555094,,"Booker ankasa you are good oo, you make your content creation fun to watch, keep it up hun!❤️🎉",0,,0,,2026-03-14T12:41:44.970111
92,e92b315198d8789ea76fc2727c469b56,7525148492411555094,,Location please,0,,0,,2026-03-14T12:41:44.970547
93,e77e426c88b3a23efaf42ac9628f4169,7525148492411555094,,You and food close marking 🔥,0,,0,,2026-03-14T12:41:44.970949
94,21dea47f3447038386b143f9a5bdf86a,7525148492411555094,,big bro I love ur vidoes 😁,0,,0,,2026-03-14T12:41:44.971320
95,aaf7668155fecda6d4696148d69d90d3,7525148492411555094,,No be my gym mate be this 😂😂,0,,0,,2026-03-14T12:41:44.971685
96,9e26762356b23e70e05febfe6d2d634c,7525148492411555094,,Who saw the leg at the front desk😂,0,,0,,2026-03-14T12:41:44.972150
97,9446f4a1137ba531048a9a940193ce8a,7340666620596997381,,Mom is a whole mood 😂🤞,0,,0,,2026-03-14T12:41:59.889290
98,23dd9852fb7edb58594f4fcd59bf1c79,7340666620596997381,,How much does it cost?,0,,0,,2026-03-14T12:41:59.890705
99,43043d3cc21103a5c633334dd9f2514b,7340666620596997381,,We want a branch in kasoa please,0,,0,,2026-03-14T12:41:59.891523
100,b986c7d4710f710d91d2b06aafe14894,7340666620596997381,,I love papa’s,0,,0,,2026-03-14T12:41:59.892004
101,52800b8c6f62b46e6d397e0503b9622d,7340666620596997381,,😂😂😂,0,,0,,2026-03-14T12:41:59.892399
102,10a638ecf56b75561649894d96e7eab7,7340666620596997381,,😂😂💔,0,,0,,2026-03-14T12:41:59.892772
103,7c8247be0a1d25f966a2cae711bc84b3,7340666620596997381,,Bl🥰😋😋…the spicy wings la😫❤️,0,,0,,2026-03-14T12:41:59.893208
104,a6cf434f1e43582239b5500c0c933edc,7340666620596997381,,Please I’m around spot m I want your call line,0,,0,,2026-03-14T12:41:59.893595
105,e2de6f92f1470030d9213ae26167fbb0,7340666620596997381,,"we're sure your loved ones would give you the same reaction if you surprise them with our combo deal as well. More so, you would also get to save up to 57ghc😊",0,,0,,2026-03-14T12:41:59.893962
106,62ae12981047e3357d5d04647f75683e,6966172906191588614,,please location and number,0,,0,,2026-03-14T12:42:14.195878
107,0c59e8cc372dc803b34bb2f8317ad17a,6966172906191588614,,Please what time do you start work,0,,0,,2026-03-14T12:42:14.197057
108,179844526ad7724bd3f0073beb562b02,6966172906191588614,,Hi,0,,0,,2026-03-14T12:42:14.198195
109,213d54f2098f3c63b56805649dfef078,7578439641053809976,,How much is the pizza pie ?,0,,0,,2026-03-14T12:42:28.235650
110,a8fdae906809aad213f0d99f3416eb20,7578439641053809976,,I’m in Assin Fosu and it’s really nice 😩,0,,0,,2026-03-14T12:42:28.237473
111,9a0df6aefb1c77fe2a0b4570035d9540,7578439641053809976,,Ooh Gifford and food 🤣🤣🤣,0,,0,,2026-03-14T12:42:28.238080
112,eebc49b2a5082311c148ecee263095c0,7578439641053809976,,🔥🔥🔥,0,,0,,2026-03-14T12:42:28.238588
113,4828a12dd1a38871f5bed429eb510c5c,7578439641053809976,❤️🌚Bella🦋,@❤️🌚Bella🦋 tomorrow,0,,0,,2026-03-14T12:42:28.238986
114,2618361bd6877c88dcb62db6946d2720,7578439641053809976,,For fast and secured delivery… just hit them up… I can attest to their services ❤️✅,0,,0,,2026-03-14T12:42:28.239387
115,97e9d0112013b12e6aee75a4cd62551f,7578439641053809976,Perps💕❤️,@Perps💕❤️ let’s go grab some.,0,,0,,2026-03-14T12:42:28.239777
116,b9073a56053a08d495e4d0b8025dfcb3,7607824242725408018,,For a specific period of time or the whole day?,0,,0,,2026-03-14T13:12:02.624597
117,a2577e9040fe4ad2024c7ecc62743bf0,7607824242725408018,,Location in Kasoa,0,,0,,2026-03-14T13:12:02.626619
118,db8ad61f070f16e0300e0ae3e5e248a5,7607824242725408018,,🥰🥰🥰🥰🥰🥰🥰🥰🥰🥰🥰one love for Eddy,0,,0,,2026-03-14T13:12:02.627340
119,fd8dc53d13ea5d1a39c89876d878da29,7607824242725408018,,Please I need a job,0,,0,,2026-03-14T13:12:02.628114
120,8807cdd1bb4aabebe9872dfc4d662485,7607824242725408018,,is it true,0,,0,,2026-03-14T13:12:02.628909
121,3c58a65fff5b3c04c70064adc1332bca,7607824242725408018,,I miss you guys,0,,0,,2026-03-14T13:12:02.629647
122,8c2e48e858399c93baa431c830528d1f,7607824242725408018,,When are you coming to koforidua,0,,0,,2026-03-14T13:12:02.630344
123,57c97900e82249d76377a33de34f7256,7607824242725408018,,🥰🥰🥰,0,,0,,2026-03-14T13:12:02.633122
124,cd12d4c924dbccfee0622ea59f0b762d,7607824242725408018,,❤️❤️❤️,0,,0,,2026-03-14T13:12:02.632386
126,42e3d69448eaa6d749b67ac606709237,7457199534872071429,,"Can you provide your location, and do you offer same-day delivery?",0,,0,,2026-03-14T12:42:56.574936
127,f448f5511ff4bae6df418a3f89b88733,7457199534872071429,,Seriously?,0,,0,,2026-03-14T12:42:56.576281
128,9c75ace6f2d2efcfa0563c9a88bb3f68,7457199534872071429,,"Please the pizza promo,is it only walk in or delivery is included",0,,0,,2026-03-14T12:42:56.577034
129,ea11a45687747f4d453214d7e0d13a26,7457199534872071429,,Is delivery available?,0,,0,,2026-03-14T12:42:56.577438
130,f1035e2de77e480af2e195e87da02d56,7457199534872071429,,Please I searched on bolt food and there was nothing,0,,0,,2026-03-14T12:42:56.577809
131,36e047d37396dd02c2f397898871e89f,7457199534872071429,,Seems like Kumasi?,0,,0,,2026-03-14T12:42:56.578198
132,cc631432dc8b6125c17c7c96815b6a16,7457199534872071429,,How can I order one,0,,0,,2026-03-14T12:42:56.578563
133,d581c03846f2120371d794e078c483bc,7457199534872071429,,Please if u buy the small size on Wednesday will you still get one free,0,,0,,2026-03-14T12:42:56.579125
134,ec1480f2440161e6dbdc289a429dfcc1,7457199534872071429,,Coming this Wednesday 😋,0,,0,,2026-03-14T12:42:56.579563
135,8137d2400a4d5febcead1fa7ccf99647,7457199534872071429,,Is it still on ongoing,0,,0,,2026-03-14T12:42:56.580138
156,7187b7d30b75c9fc7bb0a7080dcd4ee6,7594835804220886328,,price please,0,,0,,2026-03-14T12:59:46.552127
157,a1fc58f3cfd876db4f9ab81502c493eb,7594835804220886328,,How much is small size,0,,0,,2026-03-14T12:59:46.553835
158,46191d890fd7dfb2c4759eef6ccea0bc,7594835804220886328,,pls price range,0,,0,,2026-03-14T12:59:46.554418
159,f97fb66174e386660606494132e65970,7594835804220886328,,how much,0,,0,,2026-03-14T12:59:46.554902
160,fc8d2076361db0e8fec7c6f7c77f5d1b,7594835804220886328,,How much is it please,0,,0,,2026-03-14T12:59:46.555439
161,abcfcea27125e03dd86bf467b42525c2,7594835804220886328,,Hi,0,,0,,2026-03-14T12:59:46.555920
162,dd3263674f81ca0c803b6cc3f3ca81b1,7594835804220886328,,How much,0,,0,,2026-03-14T12:59:46.556468
163,56c26e1ffee7f561bf1200b033eca529,7594835804220886328,,please how much is the small size,0,,0,,2026-03-14T12:59:46.556981
164,abb92228288d2148a3ecd5fec0b29b89,7594835804220886328,,❤️,0,,0,,2026-03-14T12:59:46.557556
175,e9b5475ef5a19dc5d23fb2eaa26989e6,7610379230672620808,,How much,0,,0,,2026-03-14T13:17:36.121507
176,20d3fb4a1d7f2fa5ffab06a6d0594f5d,7610379230672620808,,which branch please,0,,0,,2026-03-14T13:17:36.122943
177,56274fa07b8cbb8e8f93db0925455721,7610379230672620808,,can you still deliver by this time??,0,,0,,2026-03-14T13:17:36.123794
178,9257c861eafb53d25baeb220b2d363b5,7610379230672620808,,I love it 🥰,0,,0,,2026-03-14T13:17:36.124394
179,a4327c6463db6d0f59accfba6a34d1f1,7610379230672620808,,location,0,,0,,2026-03-14T13:17:36.124942
180,616f5324effdf065aa4ebe72ca39e5ad,7610379230672620808,,hmm,0,,0,,2026-03-14T13:17:36.125465
181,607da85c02eac2e496c855b751b4d9b8,7610379230672620808,Veronica Ama Dei,Celeb @Veronica Ama Dei,0,,0,,2026-03-14T13:17:36.126032
182,3524619d7efa4e75b4711077ae6ce8e0,7581862443052207372,,please any branch in Ashaiman,0,,0,,2026-03-14T13:00:58.067233
183,03ea12ffdce4bca644d1254fe3631754,7581862443052207372,,Ur location,0,,0,,2026-03-14T13:00:58.069019
184,fc93507aee4efea6ae3114ee90b396e9,7581862443052207372,,please i want to buy some now,0,,0,,2026-03-14T13:00:58.069773
185,e624b4400bb18cb5070fe4a86de69d57,7581862443052207372,,please I want to buy some,0,,0,,2026-03-14T13:00:58.070355
186,c5544f61f99b1f39fc1548b39671e1ca,7581862443052207372,,Please 🙏 have texted you on Watsap,0,,0,,2026-03-14T13:00:58.070848
187,82178944f5b0e07676390a978f5b831f,7581862443052207372,,how much,0,,0,,2026-03-14T13:00:58.071383
188,04ceb8c9121e6f2219e9f2f8d0090dcd,7581862443052207372,,Pls how much is onw,0,,0,,2026-03-14T13:00:58.071874
189,afde9d84c774eaa4f972390e1e7ed4f1,7581862443052207372,,do promo,0,,0,,2026-03-14T13:00:58.072422
190,99aecf2f5c1cebdec48566107608a439,7517682944627068166,,pls haw moch pizza,0,,0,,2026-03-14T13:12:59.177245
191,70491d53428a0589401baea032632e13,7517682944627068166,,Pls location?,0,,0,,2026-03-14T13:12:59.178735
192,367aec2e7de9d904d91a02ecddc26c96,7517682944627068166,,wow👍,0,,0,,2026-03-14T13:12:59.179301
193,dbfdc4e5d310b8e2a58fc35d047cfcae,7517682944627068166,,🥰🥰🥰,0,,0,,2026-03-14T13:12:59.180011
194,922f862b6655d369ad876961e9c5929e,7517682944627068166,,💓💓💓,0,,0,,2026-03-14T13:12:59.180815
195,eb7ff2e90f49a31af1c9aa5b337a5810,7542887416638573880,,How can i order it online,0,,0,,2026-03-14T13:13:14.007236
196,43b0d46eebbae2a4f8706edad7468d64,7542887416638573880,,when are the days for the promotion?,0,,0,,2026-03-14T13:13:14.008550
197,cd187867a19cb8e9a3ecae179743b5b6,7542887416638573880,,Worst pizza in town 😂😂😂😂. Replace this with “best pizza in town”,0,,0,,2026-03-14T13:13:14.009385
198,89b274900939fe9275add50f580650b2,7542887416638573880,,"I remember buying this BOGO promo, I regretted it. I truly hope it's better now",0,,0,,2026-03-14T13:13:14.010776
199,7f02fbdca78e6be450569cba426d5f04,7542887416638573880,,Please do you have a spintex branch,0,,0,,2026-03-14T13:13:14.011499
200,cf906aa3dc4a72d73c47bc0d8a6b1aad,7542887416638573880,,Why you people don’t reply messages erh because yesterday I try to order one and you guys didn’t mind,0,,0,,2026-03-14T13:13:14.010139
201,9bc5e653c00294627ed259f293c4f8fe,7542887416638573880,,pls how much for each pack,0,,0,,2026-03-14T13:13:14.012239
202,ea7d2beb89628c2b39fb68c12a97640a,7542887416638573880,,How much plsss,0,,0,,2026-03-14T13:13:14.012807
203,c71b9f469ab308473580ea3134e23a5c,7542887416638573880,,This Tuesday der I need to buy one get one free 🥰,0,,0,,2026-03-14T13:13:14.014164
204,e43b5f7fd1287e2227372b45b9f42ca9,7542887416638573880,,did they pay the stats to do that,0,,0,,2026-03-14T13:13:14.013330
205,86b543d7e13c4acb186be8641f58306c,7591223296004214072,,bad customer service especially the one at AnC mall,0,,0,,2026-03-14T13:13:57.466541
206,45d9878dc6db69f1de5e210876e655b0,7591223296004214072,,4 years ago,0,,0,,2026-03-14T13:13:57.467860
207,ef8090bbb5b996e0d4fa781a9e5fa95f,7591223296004214072,,2years,0,,0,,2026-03-14T13:13:57.468620
208,5a452813adbc6f5390d96dd12099c769,7591223296004214072,,niceone,0,,0,,2026-03-14T13:13:57.469246
209,b9dd5ddfdf415162ece578b28f86ae70,7591223296004214072,,I want more la😍,0,,0,,2026-03-14T13:13:57.469728
210,640cd00cdaecd88e6d3f17cf84a83029,7591223296004214072,,price,0,,0,,2026-03-14T13:13:57.470345
211,6171e5b8db3fd6d794bfdfb5e17f4227,7591223296004214072,,😳😳😳,0,,0,,2026-03-14T13:13:57.470991
212,2093269346895abde76f149058a591fa,7568848759497461048,,Is it still buy one get one free on Tuesdays,0,,0,,2026-03-14T13:13:28.999032
213,ac544f0b9686a8e381d5864669158fe5,7568848759497461048,,Is some in kumasi ?,0,,0,,2026-03-14T13:13:29.000528
214,ffa772e0e679fa3ad351fbd3d26e5488,7568848759497461048,,Y'all should buy from Eddys Pizza bikoo 😩🙏,0,,0,,2026-03-14T13:13:29.001205
215,0b31d1f2c82f84c44eab17e8e3d2fcf0,7568848759497461048,,Please how much is the large size,0,,0,,2026-03-14T13:13:29.001750
216,003084363fbc7ff2d73d8f9263a8fa82,7568848759497461048,,"Do you have one around achimota , Amasaman and it environment",0,,0,,2026-03-14T13:13:29.002262
217,cb716ece92a5ff21900579d74dc34f00,7568848759497461048,,U guys don’t know how l miss you 😭,0,,0,,2026-03-14T13:13:29.002829
218,1ff07484a657798df478677da425f81d,7568848759497461048,,Do you do loaded fries,0,,0,,2026-03-14T13:13:29.003535
219,e04a6bef541ec0528148cbb62c7289e9,7568848759497461048,,Do you have brunch in Ashaiman pls,0,,0,,2026-03-14T13:13:29.004717
220,9fb6c19714bcecaceca27e8315472157,7568848759497461048,,❤️❤️❤️,0,,0,,2026-03-14T13:13:29.005666
221,e163ceca33ff9d7e139b821b6a8104ff,7584475045813062924,,Plz location,0,,0,,2026-03-14T13:13:42.828536
222,feaca1b4947de5949712c9cdd7ed6ef4,7584475045813062924,,Your number,0,,0,,2026-03-14T13:13:42.829607
223,820258708a76571deadc0718a2222aac,7584475045813062924,,Sweet ❤️❤️❤️,0,,0,,2026-03-14T13:13:42.830331
224,ecefcf5694cdb026e8f31033f32ef00c,7584475045813062924,,I want loaded fries 🍟,0,,0,,2026-03-14T13:13:42.830974
225,010837c65949c89155818e43c2997a92,7519579354662276408,,Are in Kumasi please,0,,0,,2026-03-14T13:16:03.705291
226,467c31f9b9add5476331ca46ad2c612a,7519579354662276408,,kumasi please,0,,0,,2026-03-14T13:16:03.707055
227,7d15b6f7649f48921ce957073fdc011e,7519579354662276408,,location,0,,0,,2026-03-14T13:16:03.707686
228,e4bcf8f1c8afececeded36ce94da4405,7519579354662276408,,🥰🥰🥰,0,,0,,2026-03-14T13:16:03.708269
229,80f32958f75d6de34994077103fb2fbb,7519579354662276408,,💕💕💕,0,,0,,2026-03-14T13:16:03.708764
230,0e5876cf2999fe3318784a194df1a5ae,7519579354662276408,,😘😘,0,,0,,2026-03-14T13:16:03.709276
231,3e0d1e72491f5fdb0b7420d57799c830,7519579354662276408,,are you n kasoa,0,,0,,2026-03-14T13:16:03.709766
232,75f3bbf2cd8209f75a694ef77ac096a1,7563649674712763660,,location,0,,0,,2026-03-14T13:16:42.394131
233,a9a158d6f872cf9e61d6479d53bf7bf8,7563649674712763660,🍕DAVID🍕,@🍕DAVID🍕,0,,0,,2026-03-14T13:16:42.395378
234,6dd9992df4db41ac7b87a94143a15d3e,7563649674712763660,,🥰🥰🥰,0,,0,,2026-03-14T13:16:42.396333
235,76f4a337b1c46fb7c5eb7b5c7d7fad85,7524827238336974136,,Please how much is the medium size of meat lovers,0,,0,,2026-03-14T13:02:53.411421
236,6ebeda05dec27871b97ea91acf08b66c,7524827238336974136,,Do you have location in Takoradi,0,,0,,2026-03-14T13:02:53.413308
237,4d5ae5ed4856e908b383732613e522e8,7524827238336974136,,Are you close to Madina area,0,,0,,2026-03-14T13:02:53.414599
238,9caa6eec2a013a1205f6ae9bcc1704a7,7524827238336974136,,Where are u in Tema,0,,0,,2026-03-14T13:02:53.415469
239,a7b9be74a7c4dbfacd3c5d7c46efe98d,7524827238336974136,,But today is Sunday not Tuesday,0,,0,,2026-03-14T13:02:53.416016
240,6e8eea18725be3189ea170668a6abba9,7524827238336974136,,how much and your location,0,,0,,2026-03-14T13:02:53.416543
241,918d31a2a6255fed29c01ce7084b675d,7524827238336974136,,Can’t wait 🥰,0,,0,,2026-03-14T13:02:53.417043
242,66d5bfd452e29c7b9f4f624bef1274f3,7524827238336974136,,Please do you have a branch in Kumasi..?,0,,0,,2026-03-14T13:02:53.417504
243,8291655301672e9f6c21f17dd60704bc,7524827238336974136,,U will order for 2 and u will get 1 free,0,,0,,2026-03-14T13:02:53.417985
244,40a49c7bf2da6d1d79333adef67c6dcb,7548227797588790534,,is some available at achimota mall?,0,,0,,2026-03-14T13:14:25.353076
245,4694440b246573a3299b71ca7fa0d631,7548227797588790534,,🙏🙏🙏,0,,0,,2026-03-14T13:14:25.354694
246,06277acef7ca70de49521083a9429a33,7548227797588790534,,👍👍👍,0,,0,,2026-03-14T13:14:25.355625
247,e2982b7e7929f0d1423baf0b484f86a6,7526718848117116216,,good morning please location please,0,,0,,2026-03-14T13:15:08.335401
248,aefcb910beab30b82dd65032e6d448e2,7526718848117116216,,Location please,0,,0,,2026-03-14T13:15:08.336983
249,1c17b0bed47362edf83b1517d2a943f3,7526718848117116216,,Achimota branch was closed today why😭,0,,0,,2026-03-14T13:15:08.337730
250,c8a0cddcd1fbbad9b3df20a8b413ad12,7526718848117116216,,please how much is chicken piza,0,,0,,2026-03-14T13:15:08.338570
251,4397a86f92a90eb4f8eaa56865448e31,7526718848117116216,,How much,0,,0,,2026-03-14T13:15:08.339122
252,0fcfcdfcecd02453d6d7c4c4bed072c1,7526718848117116216,,Location,0,,0,,2026-03-14T13:15:08.340039
253,48abc9fc46225c68d8f22972f7b5dd25,7526718848117116216,,How much is one,0,,0,,2026-03-14T13:15:08.340550
254,8405ebe951e916a78aa36643d720296a,7526718848117116216,,amazing,0,,0,,2026-03-14T13:15:08.341075
255,d81f2a8e47ced9f5910423957b0dc5fb,7526718848117116216,,Kumasi,0,,0,,2026-03-14T13:15:08.341690
256,c5e331886c29d806a94fc48ab6529140,7526718848117116216,,Is the promo for every branch,0,,0,,2026-03-14T13:15:08.342287
257,c30dabb46ca099b4eb627194c6ad90f8,7602733718343617799,,🥰🥰🥰🥰🥰🥰🥰🥰🥰,0,,0,,2026-03-14T13:15:22.023339
258,5623f95b4e2988b157e5e124a7bc0cff,7602733718343617799,,♥️,0,,0,,2026-03-14T13:15:22.024820
259,f3a9bfba34e23cdbb44a3b30c2da99c0,7558460519452101944,,Mo y3 sure,0,,0,,2026-03-14T13:14:39.293674
260,f3d296bcd5e97711f5f82003fd0771cb,7558460519452101944,,100% authentic food 🥰🥰🥰🥰,0,,0,,2026-03-14T13:14:39.295431
261,f5a74cc2f8e4124450a90a7796378fcb,7558460519452101944,🍕🍕🍕🍕,@🍕🍕🍕🍕,0,,0,,2026-03-14T13:14:39.296128
262,5c85a23649f2678fb5752ef2770a2b98,7558460519452101944,,🥰🥰🥰,0,,0,,2026-03-14T13:14:39.297356
263,0d943aeae15cb5d5af03291b2bcb2b01,7600001392098495751,,It is going through but they are not picking i have been calling them every Tuesday and Wednesday but no answer I think they don’t want to pick,0,,0,,2026-03-14T13:12:45.150463
264,fa7493234a1db32aec3983891bc8201c,7600001392098495751,,Your numbers are not going through why,0,,0,,2026-03-14T13:12:45.152247
265,3f34b7b687d9bece01ba5afb11fd800b,7600001392098495751,,how much 🙏,0,,0,,2026-03-14T13:12:45.152985
266,1e43e9f557463f8949256c15f4c9c897,7600001392098495751,,🥰🥰🥰,0,,0,,2026-03-14T13:12:45.153595
267,cb832b812e638cefd8bf462df2923e30,7532457082495323397,,am in Takoradi (effiakuma),0,,0,,2026-03-14T13:16:56.798875
268,fe9ea9ea893ed711d32576a4b73c1808,7532457082495323397,,pizzavela by Barcelos is the best 👀,0,,0,,2026-03-14T13:16:56.799603
269,1a6b859cfc6da5e20e97ae401adc9929,7532457082495323397,,am in tamale how do I get it,0,,0,,2026-03-14T13:16:56.800192
270,95f50204a76dff6dd8031b737a08eee5,7532457082495323397,,How much,0,,0,,2026-03-14T13:16:56.801111
271,4f0bc7a901975e2f61eb20044a1299cc,7532457082495323397,,plz location...,0,,0,,2026-03-14T13:16:56.801981
272,a3166ab568dcb88ae5f423f012483cf5,7532457082495323397,,please location,0,,0,,2026-03-14T13:16:56.802691
273,5671b76e4994ed4d1582a42a620745c2,7532457082495323397,,i want to order,0,,0,,2026-03-14T13:16:56.803452
274,f37ad316d1deb379427989d732e1439c,7532457082495323397,,Everyday??,0,,0,,2026-03-14T13:16:56.804195
275,dc58296dbed41282e87151aedd120bf1,7532457082495323397,lil_girl57,@lil_girl57,0,,0,,2026-03-14T13:16:56.804699
276,c9922881673fc2da907cfe9340db0702,7532457082495323397,,♥️♥️♥️,0,,0,,2026-03-14T13:16:56.805378
284,f93cd748dbb18a5ad100bc8f3f7a36aa,7550443232056921350,,it's the worse tin to order from Eddy's at kwashieman I wasted 100.00 for nothing too salty no taste and cold,0,,0,,2026-03-14T13:14:11.599088
285,f614a3639593e7b9bb84e8ea6e5513a5,7550443232056921350,,I bought some last week Tuesday and you guys brought only one why 😌😌😌,0,,0,,2026-03-14T13:14:11.600307
286,56c3bb45f305c97373d0b14284be5f00,7550443232056921350,,Are u guys in Kumasi,0,,0,,2026-03-14T13:14:11.600939
287,f80897f67d705752a6d47251816069bf,7550443232056921350,,please your mataheko location what's going on. there it's close for some days now,0,,0,,2026-03-14T13:14:11.601701
288,73df80c26e378335d069775bad709c6c,7550443232056921350,,I will eat,0,,0,,2026-03-14T13:14:11.602211
289,6a4fe9c3f895a11af8e96e4c1db5750d,7550443232056921350,,🥰🥰🥰,0,,0,,2026-03-14T13:14:11.602911
290,99faac9a93bdc58210d4728d0601af60,7550443232056921350,,🤩🤩🤩,0,,0,,2026-03-14T13:14:11.603521
291,832f2ee807672b004c97f2cb7e60fa34,7540282051052752133,,are you in koforidua?,0,,0,,2026-03-14T13:19:02.272017
292,9d59a6667a58e3d83eca3b7a539b91ac,7540282051052752133,,phow much 1 pizzas price,0,,0,,2026-03-14T13:19:02.273721
293,01b65eb77cc6da54989639a895374693,7540282051052752133,,😁😁😁😁😁😁😁😁,0,,0,,2026-03-14T13:19:02.274621
294,133311c9da682a5238b7570c804aae22,7531056866340637974,,Fantastica ma non dici dove stai! 👁️,0,,0,,2026-03-14T13:22:10.840582
295,62cd6ab41543600cd8c59a3f506e55b2,7531056866340637974,,Antonio hai sempre fatto il tuo lavoro con passione e la tua pizza è una delle migliori del nostro comune,0,,0,,2026-03-14T13:22:10.842601
296,33dfcba480dd6c72a2d3f086d1a4dd5c,7531056866340637974,,se una serata diversa vuoi passare da Eddy's pizza devi andare sito Afragola,0,,0,,2026-03-14T13:22:10.843440
297,bb48bd7ecefd58bc372e2868b76fd21c,7531056866340637974,,😉😉😉,0,,0,,2026-03-14T13:22:10.844056
298,88131ec1772097491cf9c1e58294346b,7531056866340637974,,provare x credere nn mancate a chi aspettare corooo 😋,0,,0,,2026-03-14T13:22:10.844543
299,abe7b9cf7b174401f4ff877941f31fe0,7531056866340637974,,𝐛𝐮𝐨𝐧𝐠𝐢𝐨𝐫𝐧𝐨 😁 𝐦𝐢 𝐨𝐜𝐜𝐮𝐩𝐨 𝐝𝐢 𝐚𝐭𝐭𝐫𝐞𝐳𝐳𝐚𝐭𝐮𝐫𝐞 𝐩𝐞𝐫 𝐥𝐚 𝐫𝐢𝐬𝐭𝐨𝐫𝐚𝐳𝐢𝐨𝐧𝐞 𝐮𝐬𝐚𝐭𝐞 𝐠𝐚𝐫𝐚𝐧𝐭𝐢𝐭𝐞 𝐬𝐞 𝐯𝐮𝐨𝐢 𝐬𝐞𝐠𝐮𝐢𝐦𝐢 😊💪 𝐦𝐚𝐠𝐚𝐳𝐳𝐢𝐧𝐢 𝐚 𝐑𝐨𝐦𝐚 𝐋𝐚𝐭𝐢𝐧𝐚 𝐕𝐚𝐥𝐦𝐨𝐧𝐭𝐨𝐧𝐞 𝐞 𝐍𝐚𝐩𝐨𝐥𝐢,0,,0,,2026-03-14T13:22:10.845146
300,e5a64c29c9912796bf71783cb40fd376,7347594079955356933,,My birthday is today 😅,0,,0,,2026-03-14T13:15:35.992340
301,f65cd0dd1a55ef2b12c2366734f6b3f2,7347594079955356933,,I don't know y'all design pizza,0,,0,,2026-03-14T13:15:35.993556
302,08c74b30a827530ead4109d298854107,7531374438193843478,,Sei grande Antonio 😘😘😘,0,,0,,2026-03-14T13:20:42.692761
303,42ffd4602a9c3aeec688f7293ad0f18a,7531374438193843478,,che spettacolo 😍,0,,0,,2026-03-14T13:20:42.694791
304,14722453b4ce53e37f5aa043bb60a8d6,7531374438193843478,,🔝🔝,0,,0,,2026-03-14T13:20:42.695853
305,81b834a6f5b32139a2a9414bf3808f90,7344070741605780769,,sei il numero 1 eddy,0,,0,,2026-03-14T13:15:49.741407
430,be7a010a5319baa37c5fa5284d9c520c,7532903372039474438,,I just mentioned your name the last three days I'm seeing this on my fyp😅,0,,0,,2026-03-14T13:14:53.375135
431,6f20e6c8b34da5f88ee8485d45026dd5,7532903372039474438,,please we are still in Kitawonsa oo wait for August wai😂😂,0,,0,,2026-03-14T13:14:53.376362
432,ae74a468d39336ac3d1a8743a21e76dd,7532903372039474438,,location,0,,0,,2026-03-14T13:14:53.377638
433,69965e9477cbe887269d66661e4e908f,7532903372039474438,,do u have a branch in kumasi,0,,0,,2026-03-14T13:14:53.377129
434,4a9f57246f3a455abc96cdb8e126c5af,7532903372039474438,,location 😁,0,,0,,2026-03-14T13:14:53.378147
435,d8e85d8ee086c6fe78d6c395465b5fcb,7532903372039474438,,number,0,,0,,2026-03-14T13:14:53.378945
436,2066a096aa7057c7984bb41814826628,7532903372039474438,ABDULMOOMIN 🇬🇭 🇵🇸,@ABDULMOOMIN 🇬🇭 🇵🇸 correct one,0,,0,,2026-03-14T13:14:53.379990
437,61628814bf350c51b1c563ab1f399537,7532903372039474438,,do you have branch at ablekuma,0,,0,,2026-03-14T13:14:53.380652
438,1a9b7885867dcf172463a91b97566f6e,7532903372039474438,,5 people that doesn't have anything to eat this evening should drop their account number so that we can be 6😭,0,,0,,2026-03-14T13:14:53.381277
511,24f89ebd1c3e3b78752e4c53e0775752,7574058338770554123,,"Them ma pizza bi like bread 🍞 , abeg try chilli,s & grills then thank me later 😁🎉",0,,0,,2026-03-14T13:12:16.840784
512,a6da6085258c97ef7cbc6906a6fc854c,7574058338770554123,,Abeg oh does the size reduce because it’s 2?,0,,0,,2026-03-14T13:12:16.842133
513,0c1f17875014f0a9ffdf1fe189425f5b,7574058338770554123,,how much is small size,0,,0,,2026-03-14T13:12:16.843786
514,04a95501a4e1e38dc257c05166aa484f,7574058338770554123,,The price,0,,0,,2026-03-14T13:12:16.844395
515,f24bdc559e00fea192d1d17f77565037,7574058338770554123,,"i really loved buying eddys , because it was close to me. But edo arrh no toppings ooo only cheese. So i switched to Cheezy😭🥰. you guys should try adding toppings",0,,0,,2026-03-14T13:12:16.844834
516,6f16309c3518a2f497cd493443b6ee9b,7574058338770554123,,Their pizzas dier not gonna lie it’s really nice and really filled,0,,0,,2026-03-14T13:12:16.845565
517,21679054170b8faaa57a1cfcacbac855,7574058338770554123,,Eddy’s u guys are alive ?,0,,0,,2026-03-14T13:12:16.846115
518,22f6196f7491a56046ae496771be132f,7574058338770554123,,"I want to buy some, let me look at how your pizza 🍕 looks like 👍. I ordered some recently from somewhere and I didn't recognise what it was anymore 😂😂😂",0,,0,,2026-03-14T13:12:16.846678
519,3d252f33fec3eb7ffde50f422a55e1d6,7574058338770554123,,which branch is closer to nungua,0,,0,,2026-03-14T13:12:16.847666
520,52acd16794643cf31988a74255631707,7574058338770554123,,Please when is the buy one get one free,0,,0,,2026-03-14T13:12:16.848334
521,ad410df86f58e83756e997bb9cbdb58f,7553213957956259083,,Being a francophone it will be interesting if I could be an ambassador…,0,,0,,2026-03-14T13:12:30.741849
526,f0f2583ab1aae735b40ddd5f3675c0f9,7553213957956259083,Delly Qwaku Gomez,@Delly Qwaku Gomez @Delyt 🥺,0,,0,,2026-03-14T13:12:30.746124
637,d1e094eccc1704b10a516c13bf0200d8,7591114103523904824,,Any vacancy please,0,,0,,2026-03-14T13:20:04.367936
638,4ca572d14ac7d82deb2cece6e4027dae,7591114103523904824,,Are you also cheezey pizza,0,,0,,2026-03-14T13:20:04.370533
